CPU,GPU,Managed Memory,GPU w/ Data
100.651919,127.750266,1.092828,1.073913
